"시도별(1)","성별및연령별(1)",성별및연령별(2),2018,2018,2018,2018,2018,2018
"시도별(1)","성별및연령별(1)",성별및연령별(2),착용,착용,미착용,미착용,미상,미상
"시도별(1)","성별및연령별(1)",성별및연령별(2),건수 (건),분율 (%),건수 (건),분율 (%),건수 (건),분율 (%)
"전국","전체",소계,123,12.3,576,57.8,297,29.8
"전국","성별",남자,103,12.9,459,57.3,239,29.8
"전국","성별",여자,20,10.3,117,60.0,58,29.7
"전국","연령별",0~9세,-,-,24,68.6,-,-
"전국","연령별",10~19세,10,9.4,73,68.9,23,21.7
"전국","연령별",20~29세,-,-,36,60.0,18,30.0
"전국","연령별",30~39세,19,36.5,24,46.2,-,-
"전국","연령별",40~49세,20,21.5,41,44.1,32,34.4
"전국","연령별",50~59세,22,12.4,97,54.8,58,32.8
"전국","연령별",60~69세,37,18.0,115,56.1,53,25.9
"전국","연령별",70~79세,-,-,127,63.5,68,34.0
"전국","연령별",80세 이상,-,-,39,57.4,27,39.7
"서울","전체",소계,20,9.9,127,62.9,55,27.2
"서울","성별",남자,13,9.0,89,61.4,43,29.7
"서울","성별",여자,-,-,38,66.7,12,21.1
"서울","연령별",0~9세,-,-,-,-,-,-
"서울","연령별",10~19세,-,-,14,63.6,-,-
"서울","연령별",20~29세,-,-,11,73.3,-,-
"서울","연령별",30~39세,-,-,-,-,-,-
"서울","연령별",40~49세,-,-,-,-,-,-
"서울","연령별",50~59세,-,-,19,54.3,12,34.3
"서울","연령별",60~69세,-,-,34,70.8,-,-
"서울","연령별",70~79세,-,-,19,52.8,16,44.4
"서울","연령별",80세 이상,-,-,-,-,-,-
"부산","전체",소계,-,-,16,39.0,21,51.2
"부산","성별",남자,-,-,11,35.5,17,54.8
"부산","성별",여자,-,-,-,-,-,-
"부산","연령별",0~9세,-,-,-,-,-,-
"부산","연령별",10~19세,-,-,-,-,-,-
"부산","연령별",20~29세,-,-,-,-,-,-
"부산","연령별",30~39세,-,-,-,-,-,-
"부산","연령별",40~49세,-,-,-,-,-,-
"부산","연령별",50~59세,-,-,-,-,-,-
"부산","연령별",60~69세,-,-,-,-,-,-
"부산","연령별",70~79세,-,-,-,-,-,-
"부산","연령별",80세 이상,-,-,-,-,-,-
"대구","전체",소계,-,-,21,52.5,16,40.0
"대구","성별",남자,-,-,16,53.3,12,40.0
"대구","성별",여자,-,-,-,-,-,-
"대구","연령별",0~9세,-,-,-,-,-,-
"대구","연령별",10~19세,-,-,-,-,-,-
"대구","연령별",20~29세,-,-,-,-,-,-
"대구","연령별",30~39세,-,-,-,-,-,-
"대구","연령별",40~49세,-,-,-,-,-,-
"대구","연령별",50~59세,-,-,-,-,-,-
"대구","연령별",60~69세,-,-,-,-,-,-
"대구","연령별",70~79세,-,-,-,-,-,-
"대구","연령별",80세 이상,-,-,-,-,-,-
"인천","전체",소계,-,-,20,71.4,-,-
"인천","성별",남자,-,-,14,63.6,-,-
"인천","성별",여자,-,-,-,-,-,-
"인천","연령별",0~9세,-,-,-,-,-,-
"인천","연령별",10~19세,-,-,-,-,-,-
"인천","연령별",20~29세,-,-,-,-,-,-
"인천","연령별",30~39세,-,-,-,-,-,-
"인천","연령별",40~49세,-,-,-,-,-,-
"인천","연령별",50~59세,-,-,-,-,-,-
"인천","연령별",60~69세,-,-,-,-,-,-
"인천","연령별",70~79세,-,-,-,-,-,-
"인천","연령별",80세 이상,-,-,-,-,-,-
"광주","전체",소계,-,-,-,-,12,63.2
"광주","성별",남자,-,-,-,-,10,62.5
"광주","성별",여자,-,-,-,-,-,-
"광주","연령별",0~9세,-,-,-,-,-,-
"광주","연령별",10~19세,-,-,-,-,-,-
"광주","연령별",20~29세,-,-,-,-,-,-
"광주","연령별",30~39세,-,-,-,-,-,-
"광주","연령별",40~49세,-,-,-,-,-,-
"광주","연령별",50~59세,-,-,-,-,-,-
"광주","연령별",60~69세,-,-,-,-,-,-
"광주","연령별",70~79세,-,-,-,-,-,-
"광주","연령별",80세 이상,-,-,-,-,-,-
"대전","전체",소계,20,17.2,78,67.2,18,15.5
"대전","성별",남자,16,16.5,66,68.0,15,15.5
"대전","성별",여자,-,-,12,63.2,-,-
"대전","연령별",0~9세,-,-,-,-,-,-
"대전","연령별",10~19세,-,-,18,69.2,-,-
"대전","연령별",20~29세,-,-,-,-,-,-
"대전","연령별",30~39세,-,-,-,-,-,-
"대전","연령별",40~49세,-,-,-,-,-,-
"대전","연령별",50~59세,-,-,-,-,-,-
"대전","연령별",60~69세,-,-,12,57.1,-,-
"대전","연령별",70~79세,-,-,22,84.6,-,-
"대전","연령별",80세 이상,-,-,-,-,-,-
"울산","전체",소계,-,-,17,65.4,-,-
"울산","성별",남자,-,-,14,63.6,-,-
"울산","성별",여자,-,-,-,-,-,-
"울산","연령별",0~9세,-,-,-,-,-,-
"울산","연령별",10~19세,-,-,-,-,-,-
"울산","연령별",20~29세,-,-,-,-,-,-
"울산","연령별",30~39세,-,-,-,-,-,-
"울산","연령별",40~49세,-,-,-,-,-,-
"울산","연령별",50~59세,-,-,-,-,-,-
"울산","연령별",60~69세,-,-,-,-,-,-
"울산","연령별",70~79세,-,-,-,-,-,-
"울산","연령별",80세 이상,-,-,-,-,-,-
"세종","전체",소계,-,-,-,-,-,-
"세종","성별",남자,-,-,-,-,-,-
"세종","성별",여자,-,-,-,-,-,-
"세종","연령별",0~9세,-,-,-,-,-,-
"세종","연령별",10~19세,-,-,-,-,-,-
"세종","연령별",20~29세,-,-,-,-,-,-
"세종","연령별",30~39세,-,-,-,-,-,-
"세종","연령별",40~49세,-,-,-,-,-,-
"세종","연령별",50~59세,-,-,-,-,-,-
"세종","연령별",60~69세,-,-,-,-,-,-
"세종","연령별",70~79세,-,-,-,-,-,-
"세종","연령별",80세 이상,-,-,-,-,-,-
"경기","전체",소계,28,16.6,85,50.3,56,33.1
"경기","성별",남자,25,17.0,76,51.7,46,31.3
"경기","성별",여자,-,-,-,-,10,45.5
"경기","연령별",0~9세,-,-,-,-,-,-
"경기","연령별",10~19세,-,-,15,83.3,-,-
"경기","연령별",20~29세,-,-,-,-,-,-
"경기","연령별",30~39세,-,-,-,-,-,-
"경기","연령별",40~49세,-,-,-,-,-,-
"경기","연령별",50~59세,-,-,18,54.5,11,33.3
"경기","연령별",60~69세,-,-,13,41.9,11,35.5
"경기","연령별",70~79세,-,-,19,61.3,10,32.3
"경기","연령별",80세 이상,-,-,-,-,-,-
"강원","전체",소계,11,26.2,21,50.0,10,23.8
"강원","성별",남자,11,28.2,19,48.7,-,-
"강원","성별",여자,-,-,-,-,-,-
"강원","연령별",0~9세,-,-,-,-,-,-
"강원","연령별",10~19세,-,-,-,-,-,-
"강원","연령별",20~29세,-,-,-,-,-,-
"강원","연령별",30~39세,-,-,-,-,-,-
"강원","연령별",40~49세,-,-,-,-,-,-
"강원","연령별",50~59세,-,-,-,-,-,-
"강원","연령별",60~69세,-,-,-,-,-,-
"강원","연령별",70~79세,-,-,-,-,-,-
"강원","연령별",80세 이상,-,-,-,-,-,-
"충북","전체",소계,-,-,28,49.1,24,42.1
"충북","성별",남자,-,-,26,51.0,20,39.2
"충북","성별",여자,-,-,-,-,-,-
"충북","연령별",0~9세,-,-,-,-,-,-
"충북","연령별",10~19세,-,-,-,-,-,-
"충북","연령별",20~29세,-,-,-,-,-,-
"충북","연령별",30~39세,-,-,-,-,-,-
"충북","연령별",40~49세,-,-,-,-,-,-
"충북","연령별",50~59세,-,-,-,-,-,-
"충북","연령별",60~69세,-,-,-,-,-,-
"충북","연령별",70~79세,-,-,10,76.9,-,-
"충북","연령별",80세 이상,-,-,-,-,-,-
"충남","전체",소계,-,-,25,73.5,-,-
"충남","성별",남자,-,-,17,70.8,-,-
"충남","성별",여자,-,-,-,-,-,-
"충남","연령별",0~9세,-,-,-,-,-,-
"충남","연령별",10~19세,-,-,-,-,-,-
"충남","연령별",20~29세,-,-,-,-,-,-
"충남","연령별",30~39세,-,-,-,-,-,-
"충남","연령별",40~49세,-,-,-,-,-,-
"충남","연령별",50~59세,-,-,-,-,-,-
"충남","연령별",60~69세,-,-,-,-,-,-
"충남","연령별",70~79세,-,-,10,76.9,-,-
"충남","연령별",80세 이상,-,-,-,-,-,-
"전북","전체",소계,-,-,42,65.6,20,31.3
"전북","성별",남자,-,-,36,67.9,15,28.3
"전북","성별",여자,-,-,-,-,-,-
"전북","연령별",0~9세,-,-,-,-,-,-
"전북","연령별",10~19세,-,-,-,-,-,-
"전북","연령별",20~29세,-,-,-,-,-,-
"전북","연령별",30~39세,-,-,-,-,-,-
"전북","연령별",40~49세,-,-,-,-,-,-
"전북","연령별",50~59세,-,-,-,-,-,-
"전북","연령별",60~69세,-,-,-,-,-,-
"전북","연령별",70~79세,-,-,12,63.2,-,-
"전북","연령별",80세 이상,-,-,-,-,-,-
"전남","전체",소계,-,-,13,50.0,-,-
"전남","성별",남자,-,-,12,50.0,-,-
"전남","성별",여자,-,-,-,-,-,-
"전남","연령별",0~9세,-,-,-,-,-,-
"전남","연령별",10~19세,-,-,-,-,-,-
"전남","연령별",20~29세,-,-,-,-,-,-
"전남","연령별",30~39세,-,-,-,-,-,-
"전남","연령별",40~49세,-,-,-,-,-,-
"전남","연령별",50~59세,-,-,-,-,-,-
"전남","연령별",60~69세,-,-,-,-,-,-
"전남","연령별",70~79세,-,-,-,-,-,-
"전남","연령별",80세 이상,-,-,-,-,-,-
"경북","전체",소계,-,-,43,66.2,18,27.7
"경북","성별",남자,-,-,33,68.8,13,27.1
"경북","성별",여자,-,-,10,58.8,-,-
"경북","연령별",0~9세,-,-,-,-,-,-
"경북","연령별",10~19세,-,-,-,-,-,-
"경북","연령별",20~29세,-,-,-,-,-,-
"경북","연령별",30~39세,-,-,-,-,-,-
"경북","연령별",40~49세,-,-,-,-,-,-
"경북","연령별",50~59세,-,-,-,-,-,-
"경북","연령별",60~69세,-,-,11,61.1,-,-
"경북","연령별",70~79세,-,-,10,66.7,-,-
"경북","연령별",80세 이상,-,-,-,-,-,-
"경남","전체",소계,-,-,28,59.6,12,25.5
"경남","성별",남자,-,-,19,54.3,10,28.6
"경남","성별",여자,-,-,-,-,-,-
"경남","연령별",0~9세,-,-,-,-,-,-
"경남","연령별",10~19세,-,-,-,-,-,-
"경남","연령별",20~29세,-,-,-,-,-,-
"경남","연령별",30~39세,-,-,-,-,-,-
"경남","연령별",40~49세,-,-,-,-,-,-
"경남","연령별",50~59세,-,-,-,-,-,-
"경남","연령별",60~69세,-,-,-,-,-,-
"경남","연령별",70~79세,-,-,-,-,-,-
"경남","연령별",80세 이상,-,-,-,-,-,-
"제주","전체",소계,-,-,-,-,-,-
"제주","성별",남자,-,-,-,-,-,-
"제주","성별",여자,-,-,-,-,-,-
"제주","연령별",0~9세,-,-,-,-,-,-
"제주","연령별",10~19세,-,-,-,-,-,-
"제주","연령별",20~29세,-,-,-,-,-,-
"제주","연령별",30~39세,-,-,-,-,-,-
"제주","연령별",40~49세,-,-,-,-,-,-
"제주","연령별",50~59세,-,-,-,-,-,-
"제주","연령별",60~69세,-,-,-,-,-,-
"제주","연령별",70~79세,-,-,-,-,-,-
"제주","연령별",80세 이상,-,-,-,-,-,-
